Workbook

Sheet XP Sources
A1: DreamVerse AI: where XP comes from
A2: Values match server/utils/xp.js and server/utils/achievementDefs.js. The server decides all XP; the browser never does.
A3: Action | B3: XP each | C3: Limit / rule | D3: Where it happens | E3: Notes
A4: Complete a roadmap task | B4: 10 | C4: First completion only | D4: Roadmap page | E4: Unticking and re-ticking gives no extra XP.
A5: Finish a milestone | B5: 50 | C5: Once per milestone | D5: Roadmap page | E5: Bonus when every task in the milestone is done.
A6: Life decision | B6: 20 | C6: Once per scenario; at most 3 XP-earning decisions per UTC day | D6: Decisions page | E6: Extra or repeated decisions still work but earn 0 XP.
A7: First visit to a building | B7: 10 | C7: Once each: apartment, office, café | D7: 3D world | E7: The browser reports the visit; the server keeps the list.
A8: Daily streak bonus (per streak day) | B8: 5 | C8: First useful action of each day; day N pays this x min(N, 5), so at most 5x. One bonus per day. Missing a day restarts it. | D8: Roadmap, Decisions, 3D world | E8: Counts: completing a task, making a decision, first visit to a building. Days follow the user's time zone.
A9: Achievement: First Dream Created | B9: 50 | C9: Once | D9: Create Your Future | E9: Create your first dream.
A10: Achievement: Future Explorer | B10: 75 | C10: Once | D10: 3D world | E10: Visit apartment, office and café.
A11: Achievement: Career Starter | B11: 100 | C11: Once | D11: Roadmap page | E11: Complete your first milestone.
A12: Achievement: Decision Maker | B12: 100 | C12: Once | D12: Decisions page | E12: Make your first life decision.
A13: Achievement: Goal Achiever | B13: 150 | C13: Once | D13: Roadmap page | E13: Complete every milestone on a roadmap.
A14: Achievement: Dream Architect | B14: 250 | C14: Once | D14: Create Your Future | E14: Create three different dreams.
A16: XP needed per level | B16: 500 | C16: Constant XP_PER_LEVEL in server/utils/xp.js. Level = INT(total XP / 500) + 1.

Sheet Level Calculator
A1: Level calculator
A2: Edit the blue cells with yellow fill. Everything else is calculated. The example below is one finished template roadmap plus all explorer activity.
A4: Item | B4: How many | C4: XP each | D4: XP total
A5: Roadmap tasks completed | B5: 20 | C5: ='XP Sources'!B4 -> 10 | D5: =B5*C5 -> 200
A6: Milestones finished | B6: 6 | C6: ='XP Sources'!B5 -> 50 | D6: =B6*C6 -> 300
A7: Rewarded life decisions | B7: 3 | C7: ='XP Sources'!B6 -> 20 | D7: =B7*C7 -> 60
A8: Buildings visited for the first time (0 to 3) | B8: 3 | C8: ='XP Sources'!B7 -> 10 | D8: =B8*C8 -> 30
A9: Consecutive days of daily streak (0 if none) | B9: 5 | C9: ='XP Sources'!B8 -> 5 | D9: =C9*IF(B9<=5,B9*(B9+1)/2,15+5*(B9-5)) -> 75
A10: Achievement: First Dream Created (1 = earned) | B10: 1 | C10: ='XP Sources'!B9 -> 50 | D10: =B10*C10 -> 50
A11: Achievement: Future Explorer (1 = earned) | B11: 1 | C11: ='XP Sources'!B10 -> 75 | D11: =B11*C11 -> 75
A12: Achievement: Career Starter (1 = earned) | B12: 1 | C12: ='XP Sources'!B11 -> 100 | D12: =B12*C12 -> 100
A13: Achievement: Decision Maker (1 = earned) | B13: 1 | C13: ='XP Sources'!B12 -> 100 | D13: =B13*C13 -> 100
A14: Achievement: Goal Achiever (1 = earned) | B14: 1 | C14: ='XP Sources'!B13 -> 150 | D14: =B14*C14 -> 150
A15: Achievement: Dream Architect (1 = earned) | B15: 0 | C15: ='XP Sources'!B14 -> 250 | D15: =B15*C15 -> 0
A17: Total XP | B17: =SUM(D5:D15) -> 1140
A18: XP needed per level | B18: ='XP Sources'!B16 -> 500
A19: Current level | B19: =INT(B17/B18)+1 -> 3
A20: Level title | B20: =INDEX('Titles & Unlocks'!B4:B9,MIN(B19,6)) -> Builder
A21: XP into the current level | B21: =MOD(B17,B18) -> 140
A22: XP still needed for the next level | B22: =B18-B21 -> 360
A23: Progress to the next level | B23: =B21/B18 -> 0.28
A25: Assumptions
A26: A template roadmap has 20 tasks and 6 milestones; AI-written roadmaps can have a different number, so change B5 and B6.
A27: Rewarded decisions are capped at 3 per UTC day, so 3 decisions here equals one day of play.
A28: The streak row assumes the streak was kept every day, with the bonus capped at 5 steps per day (as in the app). Set it to 0 for no streak.
A29: Example values are an illustration of one finished roadmap, not real user data.
A30: XP amounts come from the project code (see the XP Sources sheet); change them there and this sheet follows.

Sheet Titles & Unlocks
A1: Level titles and what unlocks
A2: Unlocks are cosmetic (avatar styles in the 3D world) and checked in the browser; the look is stored on the device.
A3: Level | B3: Title | C3: Total XP needed | D3: Avatar options unlocked at this level
A4: 1 | B4: Explorer | C4: =(A4-1)*'XP Sources'!$B$16 -> 0 | D4: Starting options: short and bald hair, base colors, all skin tones
A5: 2 | B5: Dreamer | C5: =(A5-1)*'XP Sources'!$B$16 -> 500 | D5: Long hair, pink top, indigo trousers, gold accent glow
A6: 3 | B6: Builder | C6: =(A6-1)*'XP Sources'!$B$16 -> 1000 | D6: Bun hairstyle, green top, purple hair color, purple accent glow
A7: 4 | B7: Pathfinder | C7: =(A7-1)*'XP Sources'!$B$16 -> 1500 | D7: Cyan hair color, green accent glow
A8: 5 | B8: Architect | C8: =(A8-1)*'XP Sources'!$B$16 -> 2000 | D8: No new styles (everything is already unlocked)
A9: 6 | B9: Visionary | C9: =(A9-1)*'XP Sources'!$B$16 -> 2500 | D9: Title for level 6 and above

Sheet Level-up Options
A1: Ideas to make levelling more rewarding
A3: # | B3: Option | C3: What the user sees | D3: Effort | E3: XP farming risk | F3: Status
A4: 1 | B4: Level titles | C4: Explorer, Dreamer, Builder, Architect... shown in the sidebar, dashboard and a greeting in the 3D world. | D4: Small | E4: None (adds no XP) | F4: Built
A5: 2 | B5: Daily streak | C5: A small XP bonus for doing something useful on consecutive days (tick a task, make a decision). | D5: Medium | E5: Low: one capped bonus per day, max 25 XP | F5: Built
A6: 3 | B6: Level unlocks | C6: Avatar items (glow colors, hairstyles, outfits) unlock at set levels, visible in the 3D world. | D6: Small to medium | E6: None (adds no XP) | F6: Built
A8: All three are implemented. Level unlocks and titles add no XP; the streak bonus is capped at 25 XP per day.
